Id,SalePrice,OverallQual,GrLivArea,GarageCars,TotRmsAbvGrd,YearBuilt,KitchenQual,ExterQual
1,208500,7,1710,2,8,2003,2,2
4,140000,7,1717,3,7,1915,2,3
7,307000,8,1694,2,7,2004,2,2
8,200000,7,2090,2,7,1973,3,3
9,129900,7,1774,2,8,1931,3,3
11,129500,5,1040,1,5,1965,3,3
12,345000,9,2324,3,11,2005,0,0
13,144000,5,912,1,4,1962,3,3
14,279500,7,1494,3,7,2006,2,2
16,132000,7,854,2,5,1929,3,3
17,149000,6,1004,2,5,1970,3,3
18,90000,4,1296,2,6,1967,3,3
21,325300,8,2376,3,9,2005,2,2
22,139400,7,1108,1,6,1930,2,3
23,230000,8,1795,2,7,2002,2,2
24,129900,5,1060,2,6,1976,3,3
25,154000,5,1060,1,6,1968,2,3
26,256300,8,1600,3,7,2007,2,2
27,134800,5,900,2,5,1951,2,3
29,207500,5,1600,1,6,1957,3,3
31,40000,4,1317,1,6,1920,3,3
33,179900,8,1234,2,7,2007,2,2
34,165500,5,1700,2,6,1959,2,3
36,309000,8,2452,3,9,2004,2,2
37,145000,5,1097,2,6,1994,3,3
38,153000,5,1297,2,5,1954,3,3
39,109000,5,1057,1,5,1953,2,3
41,160000,6,1324,2,6,1965,3,3
42,170000,5,1328,1,5,1959,3,3
43,144000,5,884,2,5,1983,2,3
44,130250,5,938,1,5,1975,3,3
45,141000,5,1150,1,6,1959,3,3
47,239686,7,2149,2,6,2003,2,2
49,113000,4,1452,0,8,1920,3,3
50,127000,5,955,1,6,1966,3,3
51,177000,6,1470,2,6,1997,3,3
52,114500,6,1176,2,6,1934,3,3
58,196500,7,1720,2,7,2004,2,2
60,124900,5,780,1,4,1972,3,3
61,158000,6,1158,2,5,2004,2,3
63,202500,8,1370,2,6,2006,2,2
64,140000,7,1710,2,9,1921,3,3
65,219500,7,2034,2,8,1997,2,3
66,317000,8,2473,3,9,2004,2,2
67,180000,7,2207,2,7,1970,3,3
68,226000,7,1479,2,7,2003,2,2
69,80000,4,747,1,4,1945,3,3
70,225000,7,2287,2,7,1953,3,2
71,244000,7,2223,2,8,1973,3,3
72,129500,4,845,2,4,1982,3,3
73,185000,7,1718,2,7,1998,3,3
74,144900,5,1086,2,6,1954,3,3
75,107400,3,1605,1,8,1915,3,2
76,91000,4,988,1,5,1973,3,3
77,135750,4,952,1,4,1956,3,3
78,127000,5,1285,1,6,1948,3,3
79,136500,4,1768,0,8,1968,3,3
80,110000,5,1230,2,5,1910,3,3
82,153500,6,1337,2,5,1998,3,3
83,245000,8,1563,3,6,2007,2,3
84,126500,5,1065,2,6,1960,3,3
85,168500,7,1474,2,7,1995,3,3
87,174000,6,1560,2,6,2005,2,2
88,164500,6,1224,2,4,2009,2,2
89,85000,3,1526,0,6,1915,1,1
91,109900,4,1040,2,4,1950,3,3
92,98600,5,1235,2,6,1961,3,3
93,163500,5,964,2,5,1921,3,3
94,133900,6,2291,2,9,1910,3,3
95,204750,6,1786,2,7,1997,2,3
96,185000,6,1470,2,6,1993,3,0
98,94750,4,960,1,6,1965,3,3
99,83000,5,835,1,5,1920,3,3
100,128950,4,1225,0,6,1959,3,3
101,205000,6,1610,2,6,1977,2,3
102,178000,6,1732,2,7,1985,2,2
103,118964,5,1535,2,8,1979,3,3
104,198900,7,1226,3,6,2009,2,3
105,169500,7,1818,1,7,1931,3,3
106,250000,8,1992,2,9,2003,2,2
107,100000,4,1047,1,6,1885,3,3
110,190000,6,1844,2,7,1977,3,3
111,136900,6,1855,1,7,1954,3,3
112,180000,7,1430,2,7,2000,3,3
113,383970,7,2696,3,10,2007,0,2
115,259500,6,2320,1,9,1945,2,3
116,176000,6,1458,2,5,1999,3,3
117,139000,5,1092,1,6,1962,3,3
118,155000,5,1125,2,5,2006,3,3
119,320000,7,3222,3,11,1990,2,3
120,163990,6,1456,2,8,2005,2,2
121,180000,6,988,2,4,1969,3,3
122,100000,4,1123,1,4,1939,3,3
124,153900,6,1199,2,5,1993,2,2
126,84500,6,754,0,5,1935,3,3
127,128000,6,958,2,5,1976,3,3
128,87000,5,840,0,5,1930,3,3
129,155000,6,1348,2,6,1966,3,3
130,150000,5,1053,2,6,1958,0,3
131,226000,7,2157,2,8,1966,2,3
132,244000,6,2054,2,7,2000,2,2
133,150750,5,1327,2,7,1959,2,3
134,220000,8,1296,2,6,2001,2,2
135,180000,5,1721,2,7,1968,3,3
136,174000,7,1682,2,7,1970,3,3
137,143000,5,1214,1,5,1967,3,3
138,171000,7,1959,3,9,1988,3,3
139,230000,8,1852,3,7,1999,2,2
140,231500,6,1764,2,7,1997,2,3
144,204000,7,1501,2,6,1999,2,2
145,125000,5,1728,2,10,1963,3,3
146,130000,6,1709,2,7,2004,2,2
147,105000,5,875,1,5,1931,3,3
148,222500,7,2035,2,8,2001,2,2
150,115000,5,1344,1,7,1936,3,3
151,122000,5,969,2,5,1975,3,3
152,372402,8,1710,3,6,2007,2,2
154,235000,6,1252,2,4,1960,3,3
155,125000,6,1200,1,7,1923,3,3
156,79000,6,1096,0,5,1924,3,3
157,109500,5,1040,2,5,1950,3,3
158,269500,8,1968,3,8,2009,0,2
159,254900,7,1947,2,8,2004,2,2
161,162500,6,1232,2,6,1984,3,3
163,220000,7,1541,2,7,2005,2,2
164,103200,4,882,0,4,1956,3,3
165,152000,6,1616,1,5,1926,2,3
166,127500,5,1355,0,6,1940,3,3
167,190000,5,1867,1,7,1955,3,2
168,325624,8,2161,3,8,2007,0,2
169,183500,7,1720,2,7,2004,2,2
170,228000,8,1707,2,6,1981,3,2
171,128500,5,1382,2,7,1941,3,3
172,215000,6,1656,2,7,1960,3,3
173,239000,7,1767,2,5,1987,2,2
174,163000,6,1362,2,6,1961,3,3
175,184000,6,1651,2,7,1986,3,3
177,211000,6,2060,2,8,1988,3,2
178,172500,5,1920,2,8,1958,2,2
179,501837,9,2234,3,9,2008,0,0
180,100000,5,968,2,5,1923,3,2
181,177000,6,1525,2,5,2000,2,2
182,200100,7,1802,1,9,1920,3,3
184,200000,7,2082,2,6,2003,2,3
186,475000,10,3608,3,12,1892,0,2
187,173000,7,1217,2,6,1990,2,3
188,135000,5,1656,1,8,1916,3,3
189,153337,5,1224,2,6,1979,3,3
190,286000,8,1593,2,5,2001,0,2
191,315000,8,2727,2,10,1932,2,2
192,184000,7,1479,2,7,1972,2,3
194,130000,7,1709,2,7,2004,2,2
195,127000,5,864,1,5,1972,3,3
196,148500,6,1456,2,7,1976,3,3
197,311872,7,1726,3,8,2007,0,0
198,235000,8,3112,2,8,1918,2,2
200,274900,8,1713,3,7,2004,0,2
201,140000,4,1121,2,5,2003,3,3
202,171500,6,1279,2,6,1977,3,3
204,149000,6,848,2,3,2004,2,2
206,180500,7,1442,2,5,1990,3,3
207,143900,5,1696,1,8,1962,3,3
208,141000,4,1100,1,6,1960,3,3
209,277000,7,2062,2,7,1988,3,2
210,145000,6,1092,2,6,1964,3,3
211,98000,5,864,0,5,1925,3,3
213,252678,7,1852,2,7,2009,2,3
214,156000,5,990,2,5,1995,3,3
215,161750,6,1392,1,6,1977,3,3
217,210000,7,1436,2,8,2004,2,2
218,107000,4,1328,1,8,1925,3,3
219,311500,7,1954,2,8,1939,2,2
220,167240,7,1248,2,5,2005,2,2
221,204900,7,1498,2,5,2006,2,2
222,200000,6,2267,2,8,2002,2,2
223,179900,6,1552,2,6,1975,3,3
226,112000,5,1302,1,6,1971,3,3
227,290000,7,2520,3,9,1995,2,2
229,125000,5,912,1,5,1967,3,3
230,192500,7,1555,2,7,2005,2,2
231,148000,6,1194,1,6,1959,3,3
233,94500,6,987,1,5,1972,3,3
235,216500,6,1960,2,8,2002,2,2
236,89500,6,987,1,5,1971,3,3
237,185500,7,1414,2,6,2004,2,2
238,194500,7,1744,2,7,1993,2,2
239,318000,8,1694,3,7,2007,2,0
240,113000,6,1487,1,7,1945,3,3
241,262500,8,1566,2,7,2008,2,2
243,79000,5,1440,1,6,1900,3,3
244,120000,6,1217,1,6,1980,3,3
245,205000,7,2110,2,8,1994,2,2
246,241500,7,1872,2,6,1988,3,3
247,137000,6,1928,1,9,1910,1,3
248,140000,6,1375,2,5,1954,3,3
249,180000,7,1668,2,8,2003,2,2
250,277000,6,2144,2,7,1958,2,2
251,76500,3,1306,0,6,1940,1,3
252,235000,8,1625,2,5,2006,2,2
253,173000,6,1640,2,6,2004,2,2
256,230000,7,2291,2,8,1999,2,2
257,207500,6,1728,2,7,2003,2,2
258,220000,7,1604,2,8,2006,2,2
259,231500,7,1792,2,7,2001,2,2
260,97000,5,882,1,4,1956,3,3
262,276000,8,2574,3,10,2007,0,2
263,151000,6,1212,2,6,1977,3,3
264,130000,5,1316,2,6,1929,3,3
265,73000,5,764,2,4,1925,3,3
266,175500,6,1422,2,7,1981,2,3
267,185000,6,1511,2,8,1997,3,3
268,179500,5,2192,1,8,1939,2,3
270,148000,6,1113,1,6,1976,3,3
272,241500,7,1363,2,5,1954,3,3
273,290000,8,2270,3,9,1999,2,2
274,139000,6,1632,1,6,1958,3,3
275,124500,5,816,1,5,1982,3,3
276,205000,7,1548,2,5,1925,0,2
277,201000,7,1560,2,7,2003,2,2
278,141000,4,864,2,4,1951,3,3
281,228500,7,1982,2,7,1989,2,2
282,185000,6,1262,2,5,2006,2,2
283,207500,7,1314,2,6,2007,2,2
284,244600,8,1468,3,6,2008,2,2
285,179200,6,1575,2,5,1992,2,2
286,164700,7,1250,2,5,2006,2,2
287,159000,6,1734,2,7,1962,2,3
288,88000,4,858,0,5,1971,3,3
289,122000,5,900,1,5,1967,3,3
290,153575,6,1396,1,7,1915,3,3
291,233230,8,1919,2,8,2006,2,2
292,135900,5,1716,0,9,1912,1,3
293,131000,5,1716,1,8,1949,3,3
294,235000,7,2263,2,9,1977,2,3
295,167000,6,1644,2,7,1953,3,3
297,152000,5,1558,1,6,1950,3,3
298,239000,7,1950,2,7,1997,2,2
301,157000,5,1336,1,5,1953,3,3
302,267000,8,2452,2,9,1998,2,2
303,205000,7,1541,3,6,2001,2,2
305,295000,7,3493,3,10,1880,2,3
306,305900,8,2000,3,8,2004,2,2
307,225000,7,2243,3,8,1990,2,2
308,89500,6,1406,0,6,1920,1,3
310,360000,9,1944,3,8,2003,0,2
312,132000,6,972,1,5,1948,3,3
314,375000,7,2036,2,8,1965,3,3
315,178000,7,1641,2,6,1925,0,3
317,260000,7,2353,2,10,1980,0,2
319,260000,7,2646,3,9,1993,2,2
321,342643,9,2596,3,9,2006,2,3
322,354000,8,2468,3,10,2004,2,2
324,126175,3,1163,1,6,1955,3,3
325,242000,7,2978,2,11,1967,2,2
326,87000,5,803,2,5,1941,3,3
328,145250,6,1383,1,7,1960,3,3
329,214500,6,2134,2,10,1916,2,3
330,78000,5,1192,1,6,1920,3,3
332,139000,5,1056,1,6,1958,3,3
333,284000,8,1629,3,7,2003,2,2
335,192000,6,1638,2,7,1998,3,3
336,228950,5,1786,2,7,1965,3,3
337,377426,9,1922,3,8,2005,2,2
338,214000,7,1536,2,7,2002,2,2
339,202500,7,1621,2,8,1984,2,2
340,155000,6,1215,1,6,1958,3,3
341,202900,8,1908,2,9,2002,2,2
342,82000,4,841,1,4,1950,3,1
344,266000,9,1684,2,6,2005,0,0
345,85000,5,1112,1,4,1976,3,3
346,140200,6,1577,1,6,1939,1,3
347,151500,6,958,1,5,1960,3,3
349,154000,7,1626,2,6,2003,2,2
350,437154,9,2728,3,10,2005,0,0
351,318061,9,1869,2,6,2007,0,0
352,190000,7,1453,2,6,1986,2,3
353,95000,5,1111,1,5,1941,3,3
355,140000,6,1595,1,6,1940,3,3
356,177500,6,1200,2,6,1995,2,2
357,173000,6,1167,2,6,1992,2,3
358,134000,5,1142,2,6,1976,3,3
359,130000,5,1352,1,6,1958,2,3
360,280000,8,1924,2,7,1998,2,2
364,118000,6,987,1,5,1972,2,3
366,147000,5,1344,1,6,1920,3,3
367,159000,6,1394,2,6,1963,3,3
368,165000,6,1431,1,6,1962,3,3
369,132000,5,1268,1,7,1954,3,3
370,162000,5,1287,2,7,1959,2,3
371,172400,6,1664,2,7,2000,3,3
372,134432,4,1588,2,7,1959,3,3
373,125000,6,752,1,4,1984,3,3
374,123000,5,1319,1,5,1953,3,3
375,219500,7,1928,2,8,2003,2,2
376,61000,1,904,0,4,1922,1,1
378,340000,8,2466,2,8,2004,2,2
379,394432,9,1856,3,8,2010,0,2
380,179000,6,1800,2,7,2000,3,3
381,127000,5,1691,1,6,1924,2,3
383,213500,7,1797,2,8,2006,2,2
384,76000,6,784,2,5,1928,3,3
385,240000,6,1953,2,9,1992,2,2
386,192000,8,1269,2,6,2004,2,2
387,81000,5,1184,0,8,1910,3,3
388,125000,6,1125,1,6,1976,3,3
389,191000,7,1479,2,6,1999,2,2
390,426000,10,2332,3,9,2007,0,0
391,119000,5,1367,1,7,1900,3,3
392,215000,6,1961,2,7,2001,2,3
393,106500,5,882,1,5,1959,3,3
395,109000,5,1034,1,5,1940,3,3
396,129000,5,1144,1,6,1956,3,3
397,123000,5,894,2,6,1972,3,3
398,169500,5,1812,1,8,1962,3,3
399,67000,5,1077,1,6,1920,3,3
400,241000,7,1550,2,7,2006,2,2
401,245500,8,1288,2,4,1996,0,2
403,108000,5,672,1,4,1940,3,3
404,258000,8,2263,2,10,1998,2,2
405,168000,6,1572,2,7,1995,3,3
406,150000,4,1620,2,8,1976,3,3
407,115000,6,1639,1,6,1936,3,3
408,177000,6,1680,1,8,1915,3,3
409,280000,7,2172,3,9,2006,2,2
410,339750,8,2078,3,8,2007,0,2
411,60000,5,1276,1,5,1958,3,3
412,145000,5,1056,2,5,1955,3,3
414,115000,5,1028,2,5,1927,3,3
415,228000,7,2097,3,9,1993,2,2
416,181134,7,1340,2,6,2007,2,2
417,149500,6,1400,2,6,1978,3,3
418,239000,6,2624,3,10,1918,3,3
419,126000,5,1134,1,7,1940,3,3
420,142000,5,1056,1,6,1968,3,3
422,215000,6,1602,2,8,1977,2,2
424,315000,8,2630,3,8,1998,2,2
425,139000,6,1196,1,6,1956,3,3
426,135000,7,1389,1,6,1946,3,3
428,109008,4,907,1,5,1957,3,3
429,195400,7,1208,2,6,2007,2,2
430,175000,6,1412,2,6,1988,2,3
431,85400,6,987,1,4,1971,3,3
432,79900,6,1198,0,7,1920,3,3
434,181000,6,1604,2,7,1997,3,3
436,212000,7,1661,2,6,1996,2,2
438,119000,6,904,1,4,1926,3,2
440,110000,6,1196,2,7,1920,2,3
442,118000,4,1440,0,8,1955,1,3
445,210000,7,1908,2,8,1994,2,2
446,127500,6,1689,2,7,1956,3,3
448,199900,7,1886,2,10,1998,2,2
449,119500,6,1376,1,7,1937,3,3
450,120000,3,1183,1,6,1948,3,3
451,110000,6,813,1,5,1930,2,3
452,280000,7,1533,2,5,1975,2,3
453,204000,6,1756,2,7,1996,3,2
454,210000,8,1590,2,6,2008,2,2
455,188000,5,1728,2,8,1976,3,3
456,175500,7,1242,2,6,1973,3,3
457,98000,5,1344,3,7,1916,3,3
458,256000,4,1663,2,6,1954,2,3
461,263435,8,1935,2,8,2009,3,2
463,62383,5,864,1,5,1965,3,3
464,188700,6,1660,1,6,1934,3,3
466,178740,7,1414,2,6,2004,2,2
467,167000,7,1277,2,5,1970,3,3
468,146500,5,1644,1,7,1942,2,3
469,250000,8,1634,3,7,2006,2,2
470,187000,6,1710,2,7,1993,2,2
471,212000,8,1502,2,4,1985,2,2
472,190000,7,1969,2,8,1977,3,3
473,148000,6,1072,2,5,2005,3,3
474,440000,8,1976,3,7,2006,2,2
476,132500,5,970,2,5,1963,3,3
477,208900,6,1493,2,7,1997,2,3
478,380000,9,2643,3,9,2006,0,0
479,297000,8,1718,3,7,2007,2,2
481,326000,9,1850,3,8,2004,2,2
482,374000,9,1792,3,6,2003,0,2
484,164000,6,1216,2,5,1998,3,3
485,132500,5,999,1,6,1962,2,3
486,147000,5,1113,1,5,1950,2,2
488,175000,5,1484,2,7,1971,3,3
489,160000,5,2414,2,10,1900,3,3
490,86000,4,630,1,3,1970,2,3
491,115000,5,1304,1,4,1976,3,3
493,172785,6,1456,2,8,2006,3,2
494,155000,5,1269,1,6,1960,3,3
495,91300,5,886,1,4,1938,3,3
496,34900,4,720,0,4,1920,3,3
497,430000,8,3228,2,10,1992,2,2
498,184000,7,1820,1,8,1925,3,3
499,130000,5,899,1,5,1967,2,3
500,120000,5,912,1,5,1958,3,3
501,113000,6,1218,1,7,1973,3,3
502,226700,7,1768,2,7,2005,2,2
503,140000,5,1214,2,6,1965,3,3
504,289000,7,1801,2,6,1959,3,3
505,147000,6,1322,2,6,1974,3,3
506,124500,5,1960,2,10,1952,3,3
507,215000,8,1911,2,8,1993,2,2
508,208300,6,1218,2,4,2009,2,2
509,161000,7,1378,2,7,1928,2,3
510,124500,5,1041,1,6,1959,3,3
511,164900,5,1363,1,6,1951,3,2
513,129900,5,864,2,5,1958,3,3
515,96500,5,789,1,5,1926,3,3
516,402861,10,2020,3,9,2009,0,0
517,158000,6,2119,2,7,1972,3,3
519,211000,6,1796,2,7,1998,3,3
522,150000,6,1244,1,6,1957,3,3
523,159000,6,1664,2,7,1947,3,3
524,184750,10,4676,3,11,2007,0,0
525,315750,7,2398,3,8,1996,2,2
526,176000,7,1266,2,6,2005,2,2
528,446261,9,2713,3,11,2008,0,0
529,86000,4,605,0,5,1920,3,3
531,175000,6,1509,2,5,1988,2,2
532,128000,6,1362,2,6,1920,3,3
533,107500,5,827,1,5,1955,3,3
534,39300,1,334,0,2,1946,1,1
535,178000,8,1414,2,6,2004,2,2
537,188000,7,1724,2,8,1998,2,3
538,111250,4,864,2,5,1972,3,3
539,158000,5,1159,1,7,1968,3,3
540,272000,8,1601,2,6,2001,2,2
541,315000,9,1838,3,8,2006,0,0
542,248000,8,2285,3,8,2000,2,2
544,133000,7,767,1,4,1998,3,3
545,179665,7,1496,2,7,2006,2,2
546,229000,7,2183,3,9,1988,2,2
547,210000,6,1635,2,6,1923,3,3
548,129500,5,768,2,5,1970,3,3
551,140000,6,1069,2,4,1977,3,3
552,112500,5,928,1,5,1957,3,3
553,255500,8,1717,3,7,2006,2,2
554,108000,4,1126,2,5,1949,2,3
556,113000,5,1048,1,5,1922,3,3
557,141000,5,1092,1,6,1957,3,3
560,234000,7,1557,2,7,2003,2,2
561,121500,5,1392,2,5,1957,3,3
562,170000,5,1389,2,6,1974,3,3
563,108000,5,996,0,6,1940,3,3
565,268000,7,2295,2,9,1992,2,2
566,128000,6,1647,1,6,1915,1,3
567,325000,9,2504,3,11,2005,0,2
570,135960,5,943,2,4,1979,3,3
571,142600,5,1728,2,10,1965,3,3
572,120000,6,864,1,4,1959,2,3
574,170000,7,1430,2,8,2000,3,3
577,145000,7,1477,1,6,1928,3,3
578,164500,5,1320,2,6,1966,3,3
582,253293,8,2042,3,8,2008,0,0
583,118500,6,816,0,5,1990,3,3
584,325000,10,2775,2,9,1893,2,0
585,133000,4,1573,1,6,1935,2,3
586,369900,8,2028,3,7,2005,2,2
587,130000,6,838,1,5,1918,1,3
588,137000,5,860,2,4,1982,3,3
589,143000,5,1473,1,5,1968,0,3
592,451950,10,2296,3,10,2008,0,0
593,138000,5,816,2,4,1982,3,3
594,140000,6,848,2,4,2003,2,2
595,110000,5,924,1,5,1975,3,3
596,319000,8,1826,3,7,2005,2,2
597,114504,6,1368,1,7,1910,3,3
599,217500,5,1647,2,7,1977,2,3
600,151000,6,1556,2,6,1980,3,3
601,275000,8,1904,2,8,2005,0,2
603,220000,8,1915,2,8,1992,2,2
604,151000,7,1200,2,4,2004,2,2
605,221000,7,1494,2,6,2002,2,2
606,205000,7,1986,2,7,1965,3,3
607,152000,5,1040,2,6,1996,2,3
608,225000,5,2008,1,8,1948,0,3
609,359100,8,3194,2,10,1934,3,3
612,148000,6,1032,2,6,1978,3,3
613,261500,8,1872,2,7,2001,0,2
615,75500,4,630,0,3,1972,3,3
617,183200,6,1509,2,7,2002,2,2
618,105500,6,832,2,4,1954,2,3
619,314813,9,1828,3,9,2007,2,0
620,305000,8,2262,3,10,2003,2,2
623,135000,5,980,2,6,1977,3,3
624,168500,6,1512,2,4,2000,2,2
625,165150,6,1790,2,8,1972,3,3
626,160000,6,1116,2,5,1962,3,3
627,139900,5,1422,1,6,1960,3,3
628,153000,6,1520,1,7,1955,3,3
629,135000,5,2080,2,9,1969,1,3
630,168500,6,1350,2,6,1964,3,3
631,124000,5,1750,1,8,1880,0,3
632,209500,8,1554,2,6,2006,2,2
634,139400,5,1056,1,6,1954,3,3
635,144000,6,1056,2,4,1980,3,3
636,200000,6,3395,0,14,1914,1,1
637,60000,2,800,0,4,1936,1,1
638,93000,5,1387,1,7,1954,2,3
639,85000,5,796,0,4,1910,3,3
640,264561,8,1567,3,7,2006,0,2
641,274000,8,1518,2,6,2003,0,0
642,226000,7,1929,2,7,2001,2,2
644,152000,5,1620,2,7,1969,3,3
646,143250,6,981,2,5,1971,3,3
647,98300,5,1048,2,7,1950,3,3
648,155000,6,1094,2,5,1953,3,3
649,155000,6,1839,2,7,1966,3,3
651,205950,7,1665,2,7,2007,2,2
653,191000,7,1716,2,7,1996,2,2
654,135000,6,1469,1,7,1906,3,3
655,350000,8,2113,3,7,1995,2,2
658,149000,7,1502,1,6,1931,3,3
659,97500,6,1458,1,6,1948,3,3
660,167000,5,1486,2,7,1964,3,3
661,197900,7,1935,2,7,1976,3,3
662,402000,8,2448,3,8,1994,2,2
664,137500,4,1181,2,6,1972,3,3
665,423000,8,2097,3,8,2005,0,2
669,168000,5,1437,2,6,1956,3,3
670,137500,4,1180,1,5,1922,1,3
671,173500,6,1476,2,7,2005,2,2
672,103600,6,1369,1,6,1925,3,3
673,165000,6,1208,2,6,1977,3,2
674,257500,6,1839,2,7,1957,2,3
675,140000,6,1136,1,5,1965,3,3
676,148500,6,1441,2,7,1978,3,3
677,87000,4,1774,3,8,1900,3,3
678,109500,5,792,1,5,1924,2,2
681,143000,6,923,1,5,1980,3,3
682,159434,5,1520,1,6,1932,3,3
683,173000,6,1291,2,6,1996,2,3
684,285000,9,1668,3,7,2002,2,2
685,221000,7,1839,2,7,1998,3,2
686,207500,7,2090,2,6,1984,2,2
687,227875,7,1761,2,7,2007,2,2
690,194700,6,1362,2,6,2005,2,2
691,141000,6,848,2,3,2004,2,2
692,755000,10,4316,3,10,1994,0,0
693,335000,7,2519,2,9,1989,2,2
694,108480,5,1073,1,4,1921,3,3
695,141500,5,1539,2,5,1936,3,3
697,89000,5,616,1,4,1921,3,3
698,123500,5,1148,1,6,1952,3,3
699,138500,5,894,1,5,1965,3,3
700,196000,7,1391,2,5,2004,2,2
701,312500,8,1800,3,7,2002,2,2
702,140000,7,1164,2,6,1969,3,3
703,361919,8,2576,3,10,2006,0,0
704,140000,5,1812,2,8,1900,2,3
706,55000,4,1092,0,7,1930,1,1
707,302000,7,1824,2,5,1971,2,3
708,254000,8,1324,2,6,2006,2,2
709,179540,7,1456,2,8,2007,2,2
710,109900,5,904,1,6,1966,3,3
711,52000,3,729,0,5,1935,3,2
712,102776,4,1178,1,7,1900,3,3
715,130500,6,1479,2,6,1976,2,2
716,165000,6,1350,2,7,1974,3,3
717,159500,7,2554,2,8,1890,3,3
718,157000,5,1178,2,5,1973,2,3
719,341000,7,2418,3,9,1993,2,2
720,128500,5,971,1,5,1969,3,3
721,275000,8,1742,2,5,1985,2,2
722,143000,6,848,2,3,2004,2,2
724,135000,4,1470,1,7,1954,3,3
726,120500,4,864,2,5,1970,2,3
727,222000,6,1680,2,5,1988,2,2
728,194500,7,1232,2,6,2007,2,2
730,103000,4,1208,2,5,1925,3,3
731,236500,8,1616,2,5,1995,2,2
732,187500,7,1146,2,6,2003,2,2
733,222500,7,2031,2,8,1998,2,2
734,131400,5,1144,1,6,1961,3,3
735,108000,5,948,1,6,1968,3,3
736,163000,7,1768,2,6,1914,3,3
737,93500,3,1040,2,6,1950,3,3
739,179000,5,1200,0,5,1987,3,3
740,190000,7,1728,2,7,2004,2,2
742,142000,6,912,1,5,1961,2,3
745,180000,8,1337,2,5,1993,2,2
746,299800,8,2715,2,11,1976,2,0
747,236000,7,2256,2,8,2000,2,2
748,265979,7,2640,4,8,1880,2,2
749,260400,7,1720,2,7,1996,2,2
750,98000,4,1529,1,9,1945,3,3
751,96500,4,1140,0,7,1910,3,3
752,162000,7,1320,2,6,2003,2,2
753,217000,6,1494,2,6,1997,2,3
754,275500,8,2098,3,8,2005,0,2
755,156000,6,1026,2,5,1969,2,3
756,172500,6,1471,2,6,1999,3,3
757,212000,8,1768,2,7,2007,2,2
758,158900,6,1386,2,6,1978,3,3
759,179400,7,1501,2,6,1999,3,3
760,290000,8,2531,3,9,1995,2,2
761,127500,6,864,1,5,1959,3,3
762,100000,5,1301,2,5,1924,1,3
763,215200,7,1547,2,7,2009,2,3
764,337000,8,2365,3,8,1999,2,2
765,270000,8,1494,2,6,1995,0,2
766,264132,9,1506,2,6,2008,0,2
767,196500,7,1714,2,7,1988,3,3
768,160000,6,1750,1,7,1940,3,3
771,134900,5,858,2,5,1982,3,3
772,102000,4,1220,2,6,1951,3,3
773,107000,6,1117,2,6,1976,3,3
774,114500,5,912,1,5,1958,3,3
775,395000,8,1973,3,9,2006,2,2
776,162000,6,1204,2,5,1998,3,3
777,221500,7,1614,3,7,2005,2,2
778,142500,5,894,2,5,1974,3,3
779,144000,5,2020,2,10,1977,3,3
780,135000,6,1004,2,4,1977,3,3
781,176000,7,1253,2,6,1995,3,3
783,187100,7,1430,2,6,2001,2,2
784,165500,5,1110,2,4,1978,2,3
785,128000,6,1484,0,9,1914,3,3
786,161500,6,1342,2,7,1967,3,3
787,139000,5,1652,1,7,1915,3,3
790,187500,6,2087,2,9,1966,2,3
791,160200,7,1145,2,5,2005,2,2
792,146800,6,1062,2,5,1976,3,3
793,269790,7,2013,2,8,1996,3,2
794,225000,8,1496,2,7,2007,2,2
795,194500,7,1895,2,7,1994,2,2
797,143500,6,1285,2,7,1977,3,3
798,110000,5,773,1,4,1953,3,3
799,485000,9,3140,3,11,2008,0,0
800,175000,5,1768,1,7,1937,2,3
801,200000,6,1688,2,8,1997,2,3
802,109900,4,1196,2,5,1916,3,3
803,189000,7,1456,2,7,2005,2,2
804,582933,9,2822,3,12,2008,0,0
805,118000,5,1128,1,5,1954,3,3
806,227680,7,1428,2,6,2008,0,2
807,135500,5,980,1,6,1967,3,3
808,223500,5,1576,2,6,1923,2,3
809,159950,5,1086,2,6,1966,3,3
810,106000,5,2138,2,11,1898,3,3
811,181000,6,1309,2,5,1974,2,3
813,55993,5,1044,2,4,1952,1,1
814,157900,6,1442,1,7,1958,3,3
815,116000,5,1250,1,7,1918,1,3
816,224900,7,1661,2,6,1998,2,3
817,137000,5,1008,1,4,1954,3,3
818,271000,8,1689,3,7,2002,2,2
819,155000,6,1052,2,6,1971,3,3
820,224000,7,1358,2,6,2009,2,2
821,183000,7,1640,2,6,2003,2,2
822,93000,4,936,2,4,1953,3,1
825,232600,8,1489,2,7,2006,2,2
828,189000,7,1434,2,6,2001,2,2
829,185000,5,2126,2,7,1967,3,3
830,147400,7,1223,2,4,2005,2,2
831,166000,6,1392,2,6,1957,3,3
832,151000,7,1200,2,4,2005,2,3
833,237000,7,1829,2,7,2003,2,2
834,167000,6,1516,2,6,1964,3,3
835,139950,5,1144,2,6,1961,3,3
836,128000,4,1067,2,4,1950,2,3
837,153500,5,1559,2,5,1948,3,3
838,100000,6,987,1,5,1973,3,3
840,130500,5,1200,1,6,1946,3,3
841,140000,6,1482,1,7,1925,1,3
842,157500,5,1539,2,8,1904,2,3
843,174900,6,1165,2,6,1966,3,3
844,141000,5,1800,0,10,1961,3,3
845,153900,5,1416,3,7,1915,3,3
846,171000,5,1701,2,6,1975,3,3
848,133500,5,864,1,5,1972,3,3
849,240000,6,2358,2,10,1908,3,3
850,187000,6,1855,2,7,1976,3,2
851,131500,6,848,2,3,2003,2,2
852,215000,8,1456,2,7,2003,2,2
853,164000,7,1646,1,7,1941,3,3
854,158000,6,1445,2,7,1964,3,3
855,170000,5,1779,2,6,1955,3,3
856,127000,5,1040,1,6,1962,3,3
857,147000,6,1026,2,5,1978,3,3
860,250000,6,2654,2,9,1968,2,3
861,189950,7,1426,1,7,1918,2,2
862,131500,5,1039,2,6,1965,3,3
863,152000,6,1097,2,6,1984,3,3
864,132500,5,1148,1,6,1959,3,3
865,250580,7,1372,2,6,2007,2,2
866,148500,5,1002,2,5,1970,3,3
868,129000,4,1120,2,5,1961,1,3
869,169000,5,2320,2,7,1948,3,3
870,236000,7,1949,2,8,1993,2,2
871,109500,5,894,1,5,1962,3,3
873,116000,5,910,2,5,1953,2,2
874,133000,5,1268,1,6,1949,3,2
875,66500,5,1131,1,5,1941,3,3
876,303477,8,2610,2,11,2007,0,2
877,132250,4,1040,2,5,1963,3,3
878,350000,9,2224,3,10,2004,0,2
879,148000,5,1155,2,6,1961,2,3
881,157000,5,1090,2,5,2005,3,3
882,187500,7,1717,2,7,1990,2,2
883,178000,6,1593,2,7,1992,3,3
884,118500,4,2230,1,10,1912,3,2
885,100000,5,892,1,5,1967,3,3
886,328900,9,1709,2,5,1999,2,2
887,145000,5,1712,2,8,1959,3,3
888,135500,5,1393,1,8,1955,3,3
889,268000,8,2217,2,8,1970,2,2
890,149500,6,1505,2,6,1953,3,3
891,122900,5,924,2,6,1949,3,3
893,154500,6,1068,1,6,1963,3,3
894,165000,5,1383,1,6,1954,3,3
895,118858,5,1535,2,8,1979,3,3
896,140000,6,1796,2,8,1963,3,3
899,611657,9,2364,3,11,2009,0,0
901,110000,4,858,1,4,1971,3,3
902,153000,5,1306,1,5,1957,3,3
903,180000,7,1509,2,8,2003,2,2
904,240000,7,1670,3,7,2006,2,2
905,125500,5,902,1,6,1967,3,3
906,128000,5,1063,1,6,1954,3,3
907,255000,8,1636,3,8,2006,2,2
909,131000,5,902,2,5,1983,3,3
910,174000,6,1484,2,8,2005,2,2
911,154300,5,2274,2,12,1960,3,3
912,143500,5,1268,1,5,1977,2,3
913,88000,5,1015,1,6,1925,3,3
914,145000,5,2002,3,8,1949,3,3
915,173733,6,1224,2,4,2009,2,2
916,75000,4,1092,1,6,1970,3,3
917,35311,2,480,1,4,1949,3,3
918,135000,4,1229,1,6,1956,3,3
919,238000,7,2127,3,8,1991,2,2
920,176500,6,1414,2,6,1958,3,0
921,201000,6,1721,2,7,1994,2,2
923,169990,6,1316,2,6,2005,2,2
924,193000,6,1617,2,5,1993,2,2
925,207500,6,1686,2,7,1980,3,3
926,175000,5,1126,2,6,1977,0,3
927,285000,8,2374,3,10,2003,0,2
929,236500,8,1788,2,7,2001,0,2
930,222000,7,2236,2,8,1997,2,3
932,117500,5,925,1,5,1965,3,3
933,320000,9,1905,3,8,2006,0,0
934,190000,7,1500,2,6,2004,2,2
935,242000,7,2069,2,9,1960,2,3
936,79900,4,747,2,5,1926,3,3
937,184900,7,1200,2,5,2003,2,2
938,253000,7,1971,2,8,2005,2,2
939,239799,7,1962,3,7,2006,2,2
940,244400,7,2403,1,10,1940,3,3
941,150900,6,1728,2,8,1976,3,3
942,214000,7,2060,2,8,1999,2,2
943,150000,4,1440,0,8,1977,3,3
944,143000,5,1632,2,8,1967,3,3
945,137500,6,1344,2,7,1958,2,3
946,124900,5,1869,2,7,1890,3,3
947,143000,5,1144,1,6,1959,3,3
948,270000,8,1629,3,9,2002,2,2
950,197500,6,1381,2,5,1972,2,3
951,129000,5,864,2,5,1950,2,3
952,119900,5,965,1,6,1965,3,3
953,133900,5,768,1,5,1972,3,3
954,172000,5,1968,2,7,1969,3,3
955,127500,6,980,0,4,1975,3,3
956,145000,6,1958,2,8,1946,3,3
957,124000,6,1229,2,5,1980,3,3
958,132000,5,1057,2,6,1962,3,3
960,155000,7,1416,2,6,1999,2,2
961,116500,5,858,0,4,1958,3,3
962,272000,6,2872,2,11,1977,3,3
965,214900,7,1894,2,8,2002,2,2
968,135000,5,1098,1,6,1955,3,3
969,37900,3,968,0,6,1910,3,3
970,140000,6,1095,1,6,1958,3,3
971,135000,4,1192,0,6,1949,3,3
972,173000,7,1626,2,6,2003,2,2
973,99500,6,918,1,5,1979,3,3
974,182000,7,1428,2,6,2007,2,2
975,167500,7,2019,2,8,1910,2,3
976,165000,7,1382,2,6,2000,2,2
977,85500,4,869,0,4,1923,1,3
979,110000,4,894,2,5,1954,3,3
981,178400,7,999,2,6,1961,0,0
982,336000,8,2612,3,8,1998,2,2
983,159895,7,1266,2,6,2007,2,2
984,255900,8,2290,2,9,2002,2,2
985,126000,5,1734,2,8,1977,2,3
986,125000,5,1164,1,5,1950,3,3
988,395192,9,1940,3,8,2009,0,0
989,195000,6,2030,2,8,1976,2,3
991,348000,8,2392,3,7,1997,2,2
993,187000,6,1851,2,7,1964,2,3
994,173900,6,1500,2,6,2005,2,3
995,337500,10,1718,3,7,2006,0,0
996,121600,4,1230,1,5,1946,3,3
997,136500,5,1050,1,6,1961,3,3
998,185000,6,1442,2,6,1970,3,3
999,91000,3,1077,1,6,1922,3,3
1000,206000,7,1208,2,6,2006,2,2
1002,86000,5,691,1,4,1920,0,3
1005,181000,7,1504,2,7,2005,2,2
1006,149900,5,985,1,6,1977,3,2
1007,163500,6,1657,2,7,1970,3,3
1008,88000,4,1092,1,6,1970,3,3
1009,240000,7,1710,2,7,2004,2,2
1010,102000,5,1522,0,7,1926,3,3
1011,135000,5,1271,1,7,1948,3,3
1012,100000,5,1664,0,8,1965,3,3
1013,165000,6,1502,1,7,1923,2,3
1016,227000,8,1665,2,6,2001,2,2
1017,203000,7,1504,2,6,1996,2,2
1019,160000,7,1472,2,7,1991,2,2
1021,176000,4,1132,2,5,2005,2,3
1023,87000,5,1248,1,6,1930,3,3
1024,191000,7,1504,2,7,2005,2,2
1025,287000,8,2898,2,10,1976,2,2
1027,167500,5,1264,2,6,1960,3,3
1028,293077,8,1646,3,7,2007,2,2
1029,105000,5,1376,1,6,1941,3,3
1032,197000,7,3082,2,12,1920,3,3
1033,310000,8,2520,3,10,1993,2,2
1034,230000,7,1654,3,6,2002,2,2
1035,119750,5,954,1,5,1938,1,3
1036,84000,4,845,1,5,1957,3,3
1037,315500,9,1620,3,6,2007,0,2
1038,287000,8,2263,2,7,2001,2,2
1039,97000,4,1344,0,6,1970,3,3
1041,155000,5,1803,2,8,1957,3,3
1042,173000,6,1632,2,7,1966,2,3
1044,262280,7,2329,2,10,1990,2,3
1045,278000,8,2524,2,9,1981,2,2
1046,139600,3,1733,2,8,1955,3,3
1047,556581,9,2868,3,11,2005,0,2
1049,115000,5,1771,2,9,1960,3,3
1051,176485,7,1302,2,6,2007,2,2
1052,200141,7,1316,2,6,2007,2,2
1053,165000,6,1977,2,9,1964,3,3
1054,144500,5,1526,1,7,1957,3,3
1055,255000,8,1989,2,7,2002,2,2
1057,185850,7,1364,2,6,2005,2,2
1059,335000,9,2184,3,10,2008,0,0
1060,220000,6,1991,2,7,1932,3,3
1061,213500,8,1338,2,6,2001,2,2
1062,81000,3,894,3,6,1935,3,1
1063,90000,5,2337,2,10,1900,3,3
1064,110500,6,1103,2,5,1925,2,3
1065,154000,5,1154,2,6,1966,3,3
1066,328000,7,2260,2,7,1996,2,2
1067,178000,6,1571,2,7,1993,3,2
1068,167900,6,1611,2,7,1964,3,3
1069,151400,6,2521,2,10,1973,3,3
1070,135000,5,893,2,4,1949,2,3
1072,154000,6,1556,2,8,1968,3,3
1073,91500,5,1456,1,7,1948,3,3
1077,170000,5,1466,2,7,1936,2,3
1078,138800,5,1096,1,6,1969,3,3
1080,126000,5,990,1,5,1994,3,3
1081,145000,6,1258,2,5,1971,2,2
1083,192000,7,1459,2,6,2002,2,2
1086,147000,6,996,2,5,1992,2,3
1087,83500,4,1092,1,6,1973,3,3
1088,252000,8,1953,3,9,2005,2,2
1089,137500,7,1709,2,7,2004,2,2
1090,197000,8,1247,2,4,2005,2,2
1092,160000,7,1252,2,4,1999,2,2
1093,136500,6,1694,2,7,1925,3,3
1094,146000,5,1200,2,6,1965,2,3
1095,129000,5,936,1,4,1956,3,3
1096,176432,6,1314,2,6,2006,2,2
1099,128000,4,1324,1,6,1936,3,3
1100,157000,7,1601,2,7,1978,3,3
1101,60000,2,438,1,3,1920,1,3
1102,119500,5,950,1,5,1971,3,3
1104,159500,6,1194,2,6,1959,3,3
1105,106000,5,1302,2,6,1970,3,3
1107,179900,7,1442,2,6,1990,2,2
1108,274725,7,2021,2,9,2006,2,2
1111,188000,6,1658,2,8,1995,3,3
1112,205000,7,1964,2,8,1976,3,3
1113,129900,5,816,1,5,1957,3,3
1114,134500,5,1008,1,6,1953,2,3
1116,318000,8,1734,3,7,2007,0,2
1117,184100,8,1419,2,7,2002,2,2
1118,130000,5,894,2,5,1967,2,3
1119,140000,5,1601,1,6,1958,3,3
1120,133700,5,1040,1,6,1959,3,3
1121,118400,6,1012,1,6,1920,3,3
1122,212900,7,1552,3,7,2005,2,2
1124,118000,5,698,0,4,1947,3,3
1126,115000,4,1005,2,5,1955,1,3
1127,174000,7,1555,3,7,2007,2,2
1128,259000,7,1530,3,7,2004,2,2
1129,215000,7,1959,2,8,2004,2,2
1131,135000,4,1981,2,7,1928,2,3
1132,93500,5,974,0,5,1991,3,3
1133,117500,6,2210,1,8,1880,1,3
1134,239500,8,2020,2,8,1995,2,2
1135,169000,6,1600,2,7,1997,3,3
1136,102000,6,986,1,5,1926,3,3
1137,119000,6,1252,1,6,1950,3,3
1138,94000,5,1020,0,6,1875,3,3
1139,196000,6,1567,2,5,1977,2,3
1140,144000,5,1167,2,6,1920,3,3
1141,139000,5,952,2,4,1951,3,3
1142,197500,5,1868,2,9,1976,2,3
1143,424870,8,2828,3,11,2006,2,2
1144,80000,5,1006,0,5,1959,3,3
1145,80000,4,924,1,5,1941,1,3
1146,149000,5,1576,1,8,1928,3,3
1147,180000,6,1298,2,5,1985,2,2
1148,174500,7,1564,1,7,1941,1,3
1149,116900,7,1111,1,5,1926,3,3
1150,143000,7,1482,2,7,1920,3,3
1151,124000,6,932,1,4,1950,2,3
1152,149900,5,1466,2,6,1959,1,3
1153,230000,6,1811,2,6,1956,0,3
1154,120500,6,816,1,5,1930,3,2
1155,201800,7,1820,2,8,1965,2,3
1156,218000,5,1437,2,6,1976,2,2
1157,179900,5,1265,2,6,1965,2,3
1158,230000,7,1314,2,6,2007,2,2
1159,235128,8,1580,3,7,2007,2,2
1161,146000,6,1456,2,7,1978,3,3
1162,224000,6,1640,2,7,1954,2,2
1163,129000,5,894,2,5,1968,3,3
1165,194000,5,1432,2,5,1978,2,3
1166,233170,7,1502,2,7,2009,2,2
1168,173000,6,1671,2,7,2000,3,3
1169,235000,6,2108,2,7,1935,2,3
1170,625000,10,3627,3,10,1995,2,2
1171,171000,6,1118,1,6,1977,3,3
1172,163000,6,1261,2,6,1958,3,3
1173,171900,7,1250,2,5,2006,2,2
1175,239000,6,2345,2,9,1932,3,3
1176,285000,8,2872,2,9,1992,2,2
1177,119500,5,923,1,5,1984,3,3
1178,115000,6,1224,1,5,1926,3,3
1179,154900,5,1343,1,7,1921,3,3
1180,93000,5,1124,0,5,1954,3,3
1181,250000,7,2514,2,8,1990,3,3
1182,392500,8,1652,2,5,2008,2,0
1184,120000,5,1130,2,5,1920,3,3
1185,186700,5,1572,3,5,1963,3,3
1186,104900,5,1221,1,7,1924,3,3
1187,95000,3,1699,2,7,1900,3,3
1188,262000,8,1624,3,5,1994,2,2
1189,195000,7,1660,2,7,2002,2,2
1190,189000,7,1804,2,7,1999,2,3
1191,168000,4,1622,4,7,1961,3,3
1192,174000,8,1441,2,5,1999,2,2
1194,165000,6,1224,2,5,1999,3,3
1195,158000,6,1352,1,7,1969,3,3
1196,176000,6,1456,2,8,2005,2,3
1197,219210,7,1863,3,9,2006,2,2
1198,144000,7,1690,1,7,1916,3,3
1199,178000,7,1212,2,6,2001,2,2
1200,148000,4,1382,2,6,1963,3,3
1202,197900,7,1779,2,6,1998,2,3
1203,117000,5,1348,1,5,1925,3,3
1204,213000,7,1630,2,6,2000,2,2
1205,153500,5,1074,2,6,1975,3,3
1206,271900,7,2196,3,7,1990,2,2
1207,107000,4,1056,1,5,1966,3,3
1208,200000,6,1700,2,7,2003,2,2
1209,140000,5,1283,2,6,1962,3,3
1210,290000,8,1660,2,8,2006,2,2
1211,189000,6,1845,2,8,1992,2,2
1213,113000,4,672,1,4,1941,3,3
1214,145000,4,960,1,3,1965,3,3
1216,125000,5,894,1,5,1966,3,3
1217,112000,6,1902,2,8,1978,3,3
1219,80500,4,912,0,3,1947,3,3
1220,91500,6,1218,0,7,1971,3,3
1221,115000,5,912,1,5,1964,3,3
1222,134000,5,1211,1,5,1968,3,3
1223,143000,6,1846,1,7,1949,3,3
1225,184000,7,1490,2,8,2004,2,2
1227,214000,6,1933,3,9,2007,2,2
1228,147000,5,912,2,5,1965,2,3
1230,127000,5,1507,1,7,1960,3,3
1231,190000,5,2620,2,12,1977,3,3
1232,132500,5,1190,2,6,1962,3,3
1233,101800,4,1224,2,6,1962,3,3
1235,130000,5,1964,0,7,1911,3,3
1236,138887,5,1784,1,9,1914,3,3
1237,175500,7,1626,2,6,2003,2,2
1239,142500,6,1141,2,6,2005,3,2
1240,265900,8,1484,2,6,2006,0,2
1241,224900,7,1768,2,8,2003,2,2
1242,248328,7,1689,3,7,2007,2,2
1243,170000,7,1173,2,6,1974,2,3
1244,465000,10,2076,3,7,2006,0,0
1246,178000,6,1868,2,7,1984,3,3
1247,186500,7,1553,2,6,2005,2,2
1248,169900,6,1034,3,6,1976,3,3
1249,129500,6,2058,2,8,1917,3,3
1250,119000,5,988,1,6,1950,3,3
1251,244000,7,2110,2,8,1968,0,2
1252,171750,7,1405,2,6,2003,2,2
1253,130000,5,874,1,5,1968,3,3
1254,294000,7,2167,2,9,1974,2,2
1255,165400,7,1656,2,7,2003,2,2
1256,127500,6,1367,1,6,1931,3,3
1257,301500,8,1987,2,7,1994,2,2
1259,190000,7,1166,2,5,2005,2,2
1260,151000,6,1054,2,6,1969,3,3
1262,128900,5,1050,1,5,1956,3,3
1263,161500,4,1788,1,8,1957,3,3
1264,180500,6,1824,2,8,1919,3,3
1265,181000,6,1337,2,5,1998,2,2
1267,122000,7,1889,1,9,1910,3,1
1268,378500,9,2018,3,10,2008,0,0
1269,381000,8,3447,3,11,1935,2,3
1270,144000,5,1524,1,7,1958,3,3
1271,260000,7,1524,2,4,1979,2,2
1272,185750,6,1489,2,7,1968,2,3
1273,137000,5,935,1,5,1965,3,3
1276,137000,5,1920,2,10,1948,3,3
1277,162000,6,1395,2,6,1972,3,3
1278,197900,6,1724,2,7,1967,3,3
1279,237000,8,2031,2,7,2002,2,2
1280,68400,4,1128,2,6,1920,3,3
1281,227000,7,1573,2,6,2002,2,2
1282,180000,7,1339,2,6,1990,3,3
1284,139000,6,1824,0,8,1971,3,3
1285,169000,6,2447,1,10,1919,2,3
1287,143000,6,1328,2,6,1963,3,3
1288,190000,5,1582,2,7,1964,3,3
1289,278000,8,1659,2,5,2000,0,2
1290,281000,8,1970,3,8,2006,0,2
1292,119500,5,1302,1,6,1972,3,3
1293,107500,5,2372,1,11,1892,3,3
1294,162900,7,1664,2,8,1976,3,3
1295,115000,5,864,2,5,1955,3,3
1296,138500,5,1052,1,5,1968,3,3
1297,155000,5,1128,2,6,1963,3,3
1298,140000,6,1072,2,5,2005,3,3
1300,154000,5,1246,1,6,1959,2,3
1303,290000,8,2526,3,8,1994,2,2
1304,232000,7,1616,3,7,2005,2,2
1305,130000,7,1708,2,7,2004,2,2
1306,325000,9,1652,2,6,2006,0,2
1307,202500,7,1368,2,6,2005,2,2
1309,147000,5,1122,2,6,1948,2,3
1310,179200,6,1294,2,6,1991,2,3
1311,335000,7,1902,2,7,1959,0,2
1312,203000,7,1274,2,6,2005,2,2
1313,302000,8,2810,2,9,1990,2,2
1314,333168,9,2599,3,10,1999,2,2
1315,119000,4,948,1,5,1954,3,3
1316,206900,6,2112,2,9,1969,3,3
1317,295493,8,1630,3,8,2008,0,2
1320,111000,4,948,1,5,1954,3,3
1322,72500,3,720,1,4,1949,3,3
1325,147000,8,1795,3,7,2006,2,2
1326,55000,4,796,0,5,1922,3,3
1327,79000,3,774,0,6,1931,2,3
1328,130500,5,816,1,5,1982,2,2
1329,256000,6,2792,2,8,1920,3,2
1330,176500,7,1632,2,8,1998,3,3
1331,227000,8,1588,3,7,2006,2,2
1332,132500,5,954,2,6,1976,3,3
1333,100000,4,816,1,3,1938,3,3
1334,125500,5,1360,1,6,1938,2,3
1335,125000,5,1365,2,7,1970,3,3
1337,135000,5,1656,2,8,1973,3,3
1338,52500,4,693,0,4,1941,1,3
1342,155000,6,1114,2,6,2003,2,3
1343,228500,8,2169,2,7,2002,2,2
1344,177000,6,1913,2,9,1928,3,3
1345,155835,7,1456,2,8,2006,2,2
1346,108500,4,960,1,5,1920,1,3
1347,262500,7,2156,2,9,1968,3,3
1348,283463,8,1776,3,7,2006,2,2
1350,122000,8,2358,0,8,1872,3,3
1353,134900,6,1176,2,4,1937,3,2
1354,410000,8,3238,3,9,1995,2,2
1355,235000,7,1865,3,7,2000,2,2
1357,110000,5,892,1,5,1966,3,3
1358,149900,5,1078,2,6,1971,3,3
1361,189000,5,2601,2,8,1921,3,3
1362,260000,7,1530,2,7,2005,2,2
1363,104900,4,1738,1,7,1920,3,3
1364,156932,6,1412,2,6,2006,2,3
1365,144152,7,1200,2,4,2005,2,2
1366,216000,7,1674,2,7,2000,2,2
1367,193000,7,1790,2,7,1999,2,2
1368,127000,5,1475,1,6,1977,3,3
1369,144000,6,848,2,4,2003,2,2
1370,232000,8,1668,2,8,2003,2,2
1371,105000,4,1374,1,6,1920,3,1
1372,165500,6,1661,1,8,1955,2,3
1373,274300,7,2097,2,8,1998,2,3
1374,466500,10,2633,3,8,2001,0,0
1375,250000,7,1958,3,9,2005,2,2
1376,239000,8,1571,3,7,2007,2,2
1377,91000,6,790,1,4,1930,3,3
1378,117000,5,1604,2,6,1941,3,3
1379,83000,6,987,1,5,1973,3,3
1380,167500,5,1394,2,7,2006,2,3
1381,58500,3,864,1,5,1914,3,3
1382,237500,6,2117,2,7,1970,3,3
1383,157000,7,1762,2,8,1920,2,3
1384,112000,5,1416,2,7,1918,2,3
1385,105000,6,1258,1,6,1939,3,3
1386,125500,4,1154,1,7,1922,2,3
1389,377500,9,1746,3,7,2006,0,0
1390,131000,6,1218,2,6,1941,3,3
1391,235000,7,1525,2,6,2000,2,2
1392,124000,5,1584,3,8,1967,3,3
1394,163000,6,1912,2,7,1905,3,3
1395,246578,7,1500,3,6,2006,2,2
1396,281213,8,2482,3,9,2005,2,2
1397,160000,5,1687,2,7,1948,3,3
1398,137500,5,1513,1,8,1920,3,3
1399,138000,5,1904,1,7,1950,3,3
1400,137450,6,1608,1,7,1925,2,3
1401,120000,6,1158,1,5,1929,3,3
1402,193000,6,1593,2,8,2004,3,3
1406,275000,8,1646,2,5,2004,2,2
1407,133000,5,768,2,5,1972,3,3
1408,112000,5,833,0,5,1985,3,3
1409,125500,4,1363,2,6,1910,3,3
1410,215000,7,2093,2,7,1986,3,3
1411,230000,7,1840,2,6,2001,2,2
1412,140000,6,1668,1,6,1950,3,3
1413,90000,4,1040,2,6,1949,3,3
1414,257000,8,1844,2,7,2005,2,2
1415,207000,6,1848,2,8,1923,2,3
1417,122500,4,2290,2,11,1885,3,3
1418,340000,8,2450,3,7,1998,2,2
1419,124000,5,1144,1,6,1963,3,3
1420,223000,6,1844,2,7,1969,2,2
1421,179900,6,1416,2,7,1968,3,3
1422,127500,6,1069,2,4,1977,3,3
1423,136500,6,848,2,3,2003,2,2
1424,274970,6,2201,2,8,1966,2,2
1425,144000,5,1344,1,6,1958,3,3
1426,142000,6,1252,2,7,1959,2,2
1427,271000,7,2127,2,5,1994,2,2
1429,119000,5,804,1,4,1940,2,3
1431,192140,5,1838,2,7,2005,3,2
1432,143750,6,958,2,5,1976,3,3
1433,64500,4,968,1,5,1927,3,3
1434,186500,6,1792,2,8,2000,3,3
1435,160000,5,1126,2,5,1977,3,3
1436,174000,6,1537,2,7,1962,2,2
1437,120500,4,864,2,5,1971,3,3
1438,394617,8,1932,3,7,2008,0,0
1439,149700,6,1236,2,6,1957,3,3
1440,197000,7,1725,2,6,1979,3,3
1441,191000,6,2555,2,11,1922,3,3
1442,149300,6,848,2,3,2004,2,2
1443,310000,10,2007,3,10,2008,0,0
1444,121000,6,952,1,4,1916,1,3
1445,179600,7,1422,2,7,2004,2,2
1446,129000,6,913,1,6,1966,3,3
1447,157900,5,1188,1,6,1962,3,3
1448,240000,8,2090,2,8,1995,2,2
1449,112000,4,1346,1,6,1910,3,3
1450,92000,5,630,0,3,1970,0,3
1452,287090,8,1578,3,7,2008,0,2
1454,84500,5,1140,0,6,2006,3,3
1455,185000,7,1221,2,6,2004,2,2
1456,175000,6,1647,2,7,1999,3,3
1457,210000,6,2073,2,7,1978,3,3
1458,266500,7,2340,1,9,1941,2,0
1459,142125,5,1078,1,5,1950,2,3
1460,147500,5,1256,1,6,1965,3,2
